-- MySQL dump 10.13  Distrib 8.0.43, for Win64 (x86_64)
--
-- Host: localhost    Database: vocab
-- ------------------------------------------------------
-- Server version	8.0.43

/*!40101 SET @OLD_CHARACTER_SET_CLIENT=@@CHARACTER_SET_CLIENT */;
/*!40101 SET @OLD_CHARACTER_SET_RESULTS=@@CHARACTER_SET_RESULTS */;
/*!40101 SET @OLD_COLLATION_CONNECTION=@@COLLATION_CONNECTION */;
/*!50503 SET NAMES utf8 */;
/*!40103 SET @OLD_TIME_ZONE=@@TIME_ZONE */;
/*!40103 SET TIME_ZONE='+00:00' */;
/*!40014 SET @OLD_UNIQUE_CHECKS=@@UNIQUE_CHECKS, UNIQUE_CHECKS=0 */;
/*!40014 SET @OLD_FOREIGN_KEY_CHECKS=@@FOREIGN_KEY_CHECKS, FOREIGN_KEY_CHECKS=0 */;
/*!40101 SET @OLD_SQL_MODE=@@SQL_MODE, SQL_MODE='NO_AUTO_VALUE_ON_ZERO' */;
/*!40111 SET @OLD_SQL_NOTES=@@SQL_NOTES, SQL_NOTES=0 */;

--
-- Table structure for table `deste`
--

DROP TABLE IF EXISTS `deste`;
/*!40101 SET @saved_cs_client     = @@character_set_client */;
/*!50503 SET character_set_client = utf8mb4 */;
CREATE TABLE `deste` (
  `id` int NOT NULL AUTO_INCREMENT,
  `baslik` varchar(50) DEFAULT NULL,
  `aciklama` varchar(50) DEFAULT NULL,
  `kullanici_id` int DEFAULT NULL,
  PRIMARY KEY (`id`),
  KEY `kullanici_id` (`kullanici_id`),
  CONSTRAINT `deste_ibfk_1` FOREIGN KEY (`kullanici_id`) REFERENCES `kullanici` (`id`)
) ENGINE=InnoDB AUTO_INCREMENT=6 DEFAULT CHARSET=utf8mb4 COLLATE=utf8mb4_0900_ai_ci;
/*!40101 SET character_set_client = @saved_cs_client */;

--
-- Dumping data for table `deste`
--

LOCK TABLES `deste` WRITE;
/*!40000 ALTER TABLE `deste` DISABLE KEYS */;
INSERT INTO `deste` VALUES (1,'Favoriler','favorilere eklediğin kelimeler',1),(2,'A2','A2 seviyesindeki temel kelimeler',1),(3,'Oxford 300','Oxford 3000 kelime listesinin birazı',1),(5,'B1 kelimeler','B1 seviyesine ait olan kelimeler',2);
/*!40000 ALTER TABLE `deste` ENABLE KEYS */;
UNLOCK TABLES;

--
-- Table structure for table `kart`
--

DROP TABLE IF EXISTS `kart`;
/*!40101 SET @saved_cs_client     = @@character_set_client */;
/*!50503 SET character_set_client = utf8mb4 */;
CREATE TABLE `kart` (
  `id` int NOT NULL AUTO_INCREMENT,
  `on_yazi` text NOT NULL,
  `arka_yazi` text NOT NULL,
  `cumle` text,
  `fav` tinyint(1) DEFAULT '0',
  `kullanici_id` int DEFAULT NULL,
  `deste_id` int NOT NULL,
  PRIMARY KEY (`id`),
  KEY `kullanici_id` (`kullanici_id`),
  KEY `deste_id` (`deste_id`),
  CONSTRAINT `kart_ibfk_1` FOREIGN KEY (`kullanici_id`) REFERENCES `kullanici` (`id`),
  CONSTRAINT `kart_ibfk_2` FOREIGN KEY (`deste_id`) REFERENCES `deste` (`id`) ON DELETE CASCADE
) ENGINE=InnoDB AUTO_INCREMENT=406 DEFAULT CHARSET=utf8mb4 COLLATE=utf8mb4_0900_ai_ci;
/*!40101 SET character_set_client = @saved_cs_client */;

--
-- Dumping data for table `kart`
--

LOCK TABLES `kart` WRITE;
/*!40000 ALTER TABLE `kart` DISABLE KEYS */;
INSERT INTO `kart` VALUES (1,'ability','yetenek','She has the ability to learn languages quickly.',0,1,2),(2,'above','yukarıda','The picture is hanging above the fireplace.',0,1,2),(3,'abroad','yurtdışı','They are planning to study abroad next year.',0,1,2),(4,'accept','kabul etmek','I accept your apology for being late.',0,1,2),(5,'accident','kaza','There was a car accident on the highway this morning.',0,1,2),(6,'account','hesap','I need to check my bank account balance.',0,1,2),(7,'achieve','başarmak','With hard work, you can achieve your goals.',0,1,2),(8,'across','karşısında','The supermarket is across the street from the bank.',0,1,2),(9,'action','eylem, hareket','We need to take action to solve this problem.',0,1,2),(10,'active','aktif','She is very active in local community events.',0,1,2),(11,'actor','aktör','My favorite actor is in this new movie.',0,1,2),(12,'addition','ek, ilave','In addition to English, she speaks French fluently.',0,1,2),(13,'address','adres','Please write your home address on this form.',0,1,2),(14,'adult','yetişkin','Children must be accompanied by an adult.',0,1,2),(15,'advice','tavsiye','Can you give me some advice about job hunting?',0,1,2),(16,'affect','etkilemek','The bad weather affected our travel plans.',0,1,2),(17,'afford','parası yetmek','I cannot afford to buy a new car right now.',0,1,2),(18,'afraid','korkmuş','Are you afraid of flying?',0,1,2),(19,'afternoon','öğleden sonra','Let us meet tomorrow afternoon at 3 PM.',0,1,2),(20,'against','karşı','I am against smoking in public places.',0,1,2),(21,'age','yaş','What is the minimum age for driving in your country?',0,1,2),(22,'agent','acente, temsilci','We booked our holiday through a travel agent.',0,1,2),(23,'ago','önce','I visited Paris three years ago.',0,1,2),(24,'agree','katılmak','I agree with your opinion about climate change.',0,1,2),(25,'air','hava','The air in the mountains is so fresh and clean.',0,1,2),(26,'airport','havaalanı','We need to arrive at the airport two hours early.',0,1,2),(27,'alcohol','alkol','This restaurant does not serve alcohol.',0,1,2),(28,'alive','canlı','After the earthquake, they found three people alive.',0,1,2),(29,'all','tümü','All students must complete the assignment by Friday.',0,1,2),(30,'allow','izin vermek','My parents do not allow me to stay out late.',0,1,2),(31,'almost','neredeyse','I have almost finished reading this book.',0,1,2),(32,'alone','yalnız','She lives alone in a small apartment.',0,1,2),(33,'along','boyunca','We walked along the river for an hour.',0,1,2),(34,'already','zaten','I have already seen that movie twice.',0,1,2),(35,'also','ayrıca','I study English, and I also learn French.',0,1,2),(36,'although','rağmen','Although it was raining, we went for a walk.',0,1,2),(37,'always','her zaman','She always arrives at work on time.',0,1,2),(38,'amazing','şaşırtıcı, harika','The view from the top of the mountain was amazing.',0,1,2),(39,'amount','miktar','A large amount of snow fell last night.',0,1,2),(40,'ancient','antik, eski','We visited ancient ruins in Greece.',0,1,2),(41,'angry','kızgın','My teacher was angry because I was late.',0,1,2),(42,'animal','hayvan','What is your favorite animal?',0,1,2),(43,'another','bir diğeri','Would you like another cup of coffee?',0,1,2),(44,'answer','cevap','I do not know the answer to that question.',0,1,2),(45,'anxious','endişeli','She is anxious about her exam results.',0,1,2),(46,'anyone','herhangi biri','Does anyone here speak Spanish?',0,1,2),(47,'anything','herhangi bir şey','You can ask me anything you want.',0,1,2),(48,'apartment','daire','They are looking for a new apartment to rent.',0,1,2),(49,'appear','görünmek','He appeared suddenly from behind the door.',0,1,2),(50,'area','alan, bölge','This area of the city is very dangerous at night.',0,1,2),(51,'argue','tartışmak','They always argue about politics.',0,1,2),(52,'arm','kol','She broke her arm while skiing.',0,1,2),(53,'army','ordu','His son joined the army last year.',0,1,2),(54,'around','etrafında, civarında','There are many restaurants around here.',0,1,2),(55,'arrange','ayarlamak','Can you arrange a meeting for next week?',0,1,2),(56,'arrive','varmak','What time does your flight arrive?',0,1,2),(57,'art','sanat','Modern art can be difficult to understand.',0,1,2),(58,'article','makale','I read an interesting article about technology.',0,1,2),(59,'artist','sanatçı','Van Gogh was a famous Dutch artist.',0,1,2),(60,'as','olarak, iken','As a child, I lived in London.',0,1,2),(61,'ask','sormak','Do not hesitate to ask if you need help.',0,1,2),(62,'aspect','yön, bakım','We need to consider every aspect of this problem.',0,1,2),(63,'assist','yardım etmek','Can you assist me with this heavy box?',0,1,2),(64,'assume','varsaymak','I assume you have already heard the news.',0,1,2),(65,'atmosphere','atmosfer','The atmosphere in the room was very tense.',0,1,2),(66,'attach','eklemek, iliştirmek','Please attach your photo to the application form.',0,1,2),(67,'attack','saldırı','The army launched an attack at dawn.',0,1,2),(68,'attempt','teşebbüs, deneme','This is my third attempt to pass the driving test.',0,1,2),(69,'attend','katılmak','How many people will attend the conference?',0,1,2),(70,'attention','dikkat','Pay attention to the teacher\'s instructions.',0,1,2),(71,'attitude','tavır, tutum','She has a very positive attitude towards life.',0,1,2),(72,'attract','çekmek','The museum attracts thousands of visitors each year.',0,1,2),(73,'audience','seyirci, dinleyici','The audience clapped at the end of the performance.',0,1,2),(74,'aunt','teyze, hala','My aunt is coming to visit us next week.',0,1,2),(75,'author','yazar','Who is your favorite author?',0,1,2),(76,'autumn','sonbahar','The leaves change color in autumn.',0,1,2),(77,'available','mevcut, uygun','Are you available for a meeting tomorrow?',0,1,2),(78,'average','ortalama','The average temperature in July is 25 degrees.',0,1,2),(79,'avoid','kaçınmak','You should avoid eating too much sugar.',0,1,2),(80,'awake','uyanık','I was awake all night worrying about the exam.',0,1,2),(81,'award','ödül','She won an award for her scientific research.',0,1,2),(82,'aware','farkında','Are you aware of the new company policy?',0,1,2),(83,'away','uzakta','The beach is only five minutes away from here.',0,1,2),(84,'awful','berbat, korkunç','The weather was awful during our vacation.',0,1,2),(85,'baby','bebek','The baby is sleeping in her crib.',0,1,2),(86,'back','geri, sırt','I will call you back in ten minutes.',0,1,2),(87,'background','arka plan, geçmiş','She comes from a wealthy background.',0,1,2),(88,'bad','kötü','Eating too much junk food is bad for your health.',0,1,2),(89,'bag','çanta','I packed my bag for the trip.',0,1,2),(90,'balance','denge','It is important to maintain a balance between work and life.',0,1,2),(91,'ball','top','The children are playing with a ball in the garden.',0,1,2),(92,'band','grup','My brother plays guitar in a rock band.',0,1,2),(93,'bank','banka','I need to go to the bank to withdraw some money.',0,1,2),(94,'base','üs','The company has its base in New York.',0,1,2),(95,'basic','temel','You need to learn the basic rules first.',0,1,2),(96,'ability','yetenek','She has the ability to solve complex problems.',0,1,3),(97,'able','yapabilmek','Will you be able to finish the project on time?',0,1,3),(98,'about','hakkında','This book is about world history.',0,1,3),(99,'above','yukarıda','The temperature is above average for this season.',0,1,3),(100,'abroad','yurtdışı','He plans to study abroad next semester.',0,1,3),(101,'absence','yokluk','His absence was noticed during the important meeting.',0,1,3),(102,'absolute','mutlak','I have absolute confidence in your decision.',0,1,3),(103,'absolutely','kesinlikle','I absolutely agree with your proposal.',0,1,3),(104,'academic','akademik','She has a strong academic background.',0,1,3),(105,'accept','kabul etmek','I accept your generous offer.',0,1,3),(106,'access','erişim','You need a password to access the database.',0,1,3),(107,'accident','kaza','The car accident caused major traffic delays.',0,1,3),(108,'accompany','eşlik etmek','Would you like me to accompany you to the airport?',0,1,3),(109,'according','göre','According to the forecast, it will rain tomorrow.',0,1,3),(110,'account','hesap','I need to check my bank account balance.',0,1,3),(111,'accurate','doğru, kesin','Please provide accurate information on the form.',0,1,3),(112,'achieve','başarmak','With hard work, you can achieve your dreams.',0,1,3),(113,'achievement','başarı','Winning the award was a great achievement.',0,1,3),(114,'acknowledge','kabul etmek','I acknowledge that I made a mistake.',0,1,3),(115,'acquire','edinmek','It takes time to acquire new skills.',0,1,3),(116,'across','karşısında','The bank is across the street from the post office.',0,1,3),(117,'act','hareket etmek','We need to act quickly to solve this problem.',0,1,3),(118,'action','eylem','Your actions have consequences.',0,1,3),(119,'active','aktif','She maintains an active lifestyle.',0,1,3),(120,'activity','faaliyet','The company organizes team-building activities.',0,1,3),(121,'actor','aktör','He is a famous Hollywood actor.',0,1,3),(122,'actual','gerçek','The actual cost was higher than estimated.',0,1,3),(123,'actually','aslında','Actually, I have never been to Paris.',0,1,3),(124,'adapt','uyum sağlamak','It takes time to adapt to a new culture.',0,1,3),(125,'add','eklemek','Please add your comments at the end of the document.',0,1,3),(126,'addition','ilave','In addition to English, she speaks three languages.',0,1,3),(127,'additional','ek','We need additional information to process your request.',0,1,3),(128,'address','adres','What is your email address?',0,1,3),(129,'adequate','yeterli','The room provides adequate space for two people.',0,1,3),(130,'adjust','ayarlamak','You can adjust the volume with this button.',0,1,3),(131,'administration','yönetim','The school administration handles student affairs.',0,1,3),(132,'admire','hayran olmak','I admire your courage.',0,1,3),(133,'admit','kabul etmek','I must admit that you were right.',0,1,3),(134,'adult','yetişkin','This movie is suitable for adults only.',0,1,3),(135,'advance','ilerlemek','Technology continues to advance rapidly.',0,1,3),(136,'advanced','ileri','She takes advanced mathematics courses.',0,1,3),(137,'advantage','avantaj','Speaking multiple languages is a great advantage.',0,1,3),(138,'adventure','macera','Their trip to Africa was a real adventure.',0,1,3),(139,'advertise','reklam yapmak','Companies advertise their products on television.',0,1,3),(140,'advertisement','reklam','I saw your advertisement in the newspaper.',0,1,3),(141,'advice','tavsiye','Can you give me some advice about career choices?',0,1,3),(142,'advise','tavsiye etmek','I would advise you to reconsider your decision.',0,1,3),(143,'affair','olay, ilişki','The political affair caused a scandal.',0,1,3),(144,'affect','etkilemek','The economic crisis affected everyone.',0,1,3),(145,'afford','parası yetmek','We cannot afford to buy a new car this year.',0,1,3),(146,'afraid','korkmuş','Are you afraid of heights?',0,1,3),(147,'after','sonra','We will discuss this after the meeting.',0,1,3),(148,'afternoon','öğleden sonra','Let us meet tomorrow afternoon.',0,1,3),(149,'again','tekrar','Please say that again.',0,1,3),(150,'against','karşı','I am against animal testing.',0,1,3),(151,'age','yaş','What is the legal driving age in your country?',0,1,3),(152,'agency','ajans','She works for a advertising agency.',0,1,3),(153,'agent','acente','We booked our vacation through a travel agent.',0,1,3),(154,'ago','önce','I graduated from university five years ago.',0,1,3),(155,'agree','katılmak','I completely agree with your opinion.',0,1,3),(156,'agreement','anlaşma','The two companies signed a business agreement.',0,1,3),(157,'ahead','ileride','We have a busy day ahead of us.',0,1,3),(158,'aid','yardım','The organization provides aid to developing countries.',0,1,3),(159,'aim','hedef','Our aim is to improve customer satisfaction.',0,1,3),(160,'air','hava','The air quality in the city is poor.',0,1,3),(161,'aircraft','uçak','The military uses advanced aircraft.',0,1,3),(162,'airline','havayolu','Which airline are you flying with?',0,1,3),(163,'airport','havaalanı','We arrived at the airport three hours early.',0,1,3),(164,'alarm','alarm','I set my alarm for 6 AM.',0,1,3),(165,'album','albüm','The band released their new album last week.',0,1,3),(166,'alcohol','alkol','This restaurant does not serve alcohol.',0,1,3),(167,'alive','canlı','They found three people alive after the earthquake.',0,1,3),(168,'all','tümü','All students must complete the assignment.',0,1,3),(169,'allow','izin vermek','Smoking is not allowed in this building.',0,1,3),(170,'almost','neredeyse','I have almost finished the report.',0,1,3),(171,'alone','yalnız','She prefers to work alone.',0,1,3),(172,'along','boyunca','We walked along the beach at sunset.',0,1,3),(173,'already','zaten','I have already seen that movie.',0,1,3),(174,'also','ayrıca','She speaks English and also learns French.',0,1,3),(175,'alter','değiştirmek','We need to alter our plans due to the weather.',0,1,3),(176,'alternative','alternatif','We are considering alternative solutions.',0,1,3),(177,'although','rağmen','Although it was expensive, we bought it.',0,1,3),(178,'always','her zaman','She always arrives on time.',0,1,3),(179,'amazing','şaşırtıcı','The view from the top was amazing.',0,1,3),(180,'ambition','hırs','His ambition is to become CEO of the company.',0,1,3),(181,'amount','miktar','A large amount of money was donated to charity.',0,1,3),(182,'analysis','analiz','The data requires careful analysis.',0,1,3),(183,'analyze','analiz etmek','We need to analyze the market trends.',0,1,3),(184,'ancient','antik','We visited ancient ruins in Greece.',0,1,3),(185,'and','ve','Bread and butter is my favorite snack.',0,1,3),(186,'anger','öfke','His anger was visible on his face.',0,1,3),(187,'angle','açı','The photographer chose an interesting angle.',0,1,3),(188,'angry','kızgın','She was angry about the delay.',0,1,3),(189,'animal','hayvan','Protecting animal rights is important.',0,1,3),(190,'announce','duyurmak','They will announce the results tomorrow.',0,1,3),(191,'announcement','duyuru','The company made an important announcement.',0,1,3),(192,'annoy','rahatsız etmek','Loud noises annoy me.',0,1,3),(193,'annual','yıllık','We have our annual meeting in December.',0,1,3),(194,'another','bir diğeri','Would you like another cup of coffee?',0,1,3),(195,'answer','cevap','I do not know the answer to that question.',0,1,3),(196,'anxious','endişeli','She is anxious about her job interview.',0,1,3),(197,'any','herhangi bir','Do you have any questions?',0,1,3),(198,'anybody','herhangi biri','Does anybody have a pen I can borrow?',0,1,3),(199,'anyone','herhangi biri','Is anyone coming to the party?',0,1,3),(200,'anything','herhangi bir şey','You can ask me anything.',0,1,3),(201,'anyway','neyse','Anyway, let us get back to the main topic.',0,1,3),(202,'anywhere','herhangi bir yer','You can sit anywhere you like.',0,1,3),(203,'apart','ayrı','The two houses are 100 meters apart.',0,1,3),(204,'apartment','daire','They rent a small apartment in the city center.',0,1,3),(205,'apparent','açık, belli','It was apparent that he was lying.',0,1,3),(206,'apparently','görünüşe göre','Apparently, the meeting has been cancelled.',0,1,3),(207,'appeal','çağrı, temyiz','The charity made an appeal for donations.',0,1,3),(208,'appear','görünmek','He appeared suddenly at the door.',0,1,3),(209,'appearance','görünüş','Your appearance has changed since I last saw you.',0,1,3),(210,'application','başvuru','I submitted my job application yesterday.',0,1,3),(211,'apply','başvurmak','You need to apply for a visa before traveling.',0,1,3),(212,'appoint','atamak','They will appoint a new manager next week.',0,1,3),(213,'appointment','randevu','I have a doctor\'s appointment at 3 PM.',0,1,3),(214,'appreciate','takdir etmek','I appreciate your help with this project.',0,1,3),(215,'approach','yaklaşım','We need a different approach to solve this problem.',0,1,3),(216,'appropriate','uygun','Please wear appropriate clothing for the interview.',0,1,3),(217,'approval','onay','We are waiting for management approval.',0,1,3),(218,'approve','onaylamak','The committee approved our proposal.',0,1,3),(219,'approximate','yaklaşık','The approximate cost is $500.',0,1,3),(220,'area','alan','This area of the city is very expensive.',0,1,3),(221,'argue','tartışmak','They often argue about politics.',0,1,3),(222,'argument','tartışma','They had a heated argument about the project.',0,1,3),(223,'arise','ortaya çıkmak','Problems may arise during the implementation.',0,1,3),(224,'arm','kol','She broke her arm in a skiing accident.',0,1,3),(225,'armed','silahlı','The bank was robbed by armed men.',0,1,3),(226,'army','ordu','He served in the army for five years.',0,1,3),(227,'around','etrafında','There are many restaurants around here.',0,1,3),(228,'arrange','ayarlamak','Can you arrange a meeting for next week?',0,1,3),(229,'arrangement','düzenleme','We need to make travel arrangements.',0,1,3),(230,'arrest','tutuklamak','The police arrested the suspect.',0,1,3),(231,'arrival','varış','We are awaiting the arrival of our guests.',0,1,3),(232,'arrive','varmak','What time does your flight arrive?',0,1,3),(233,'art','sanat','Modern art can be challenging to understand.',0,1,3),(234,'article','makale','I read an interesting article about climate change.',0,1,3),(235,'artist','sanatçı','Picasso was a famous Spanish artist.',0,1,3),(236,'as','olarak','As your friend, I want to help you.',0,1,3),(237,'ashamed','utanmış','He was ashamed of his behavior.',0,1,3),(238,'aside','kenara','Please put your books aside during the test.',0,1,3),(239,'ask','sormak','Do not hesitate to ask if you need help.',0,1,3),(240,'asleep','uykuda','The baby is finally asleep.',0,1,3),(241,'aspect','yön','We need to consider every aspect of the problem.',0,1,3),(242,'assess','değerlendirmek','We need to assess the damage caused by the storm.',0,1,3),(243,'assessment','değerlendirme','The teacher\'s assessment was very helpful.',0,1,3),(244,'asset','varlık','Our employees are our greatest asset.',0,1,3),(245,'assign','atamak','The manager will assign tasks to each team member.',0,1,3),(246,'assignment','görev','The homework assignment is due on Friday.',0,1,3),(247,'assist','yardım etmek','Can you assist me with this heavy box?',0,1,3),(248,'assistance','yardım','Thank you for your assistance with the project.',0,1,3),(249,'assistant','asistan','She works as a research assistant at the university.',0,1,3),(250,'associate','ilişkilendirmek','People often associate rain with sadness.',0,1,3),(251,'association','dernek','He is a member of the local business association.',0,1,3),(252,'assume','varsaymak','I assume you have already read the report.',0,1,3),(253,'assumption','varsayım','Your assumption about the market was correct.',0,1,3),(254,'at','-de, -da','I will meet you at the restaurant.',0,1,3),(255,'athlete','sporcu','She is a professional athlete.',0,1,3),(256,'atmosphere','atmosfer','The atmosphere in the room was tense.',0,1,3),(257,'attach','iliştirmek','Please attach your photo to the application form.',0,1,3),(258,'attack','saldırı','The army launched a surprise attack.',0,1,3),(259,'attempt','girişim','This is my third attempt to pass the driving test.',0,1,3),(260,'attend','katılmak','How many people will attend the conference?',0,1,3),(261,'attention','dikkat','Pay attention to the road while driving.',0,1,3),(262,'attitude','tutum','She has a positive attitude towards life.',0,1,3),(263,'attorney','avukat','You should consult with an attorney about this matter.',0,1,3),(264,'attract','çekmek','The new museum attracts thousands of visitors.',0,1,3),(265,'attraction','çekicilik','The main attraction of the city is its ancient architecture.',0,1,3),(266,'attractive','çekici','She is an attractive and intelligent woman.',0,1,3),(267,'audience','seyirci','The audience applauded at the end of the performance.',0,1,3),(268,'aunt','teyze, hala','My aunt is coming to visit us next week.',0,1,3),(269,'author','yazar','J.K. Rowling is the author of Harry Potter.',0,1,3),(270,'authority','yetki','The police have the authority to arrest criminals.',0,1,3),(271,'automatic','otomatik','The doors open automatically when you approach.',0,1,3),(272,'available','mevcut','Is this product available in other colors?',0,1,3),(273,'average','ortalama','The average temperature in summer is 25 degrees.',0,1,3),(274,'avoid','kaçınmak','You should avoid eating too much sugar.',0,1,3),(275,'award','ödül','She received an award for her scientific research.',0,1,3),(276,'aware','farkında','Are you aware of the new company policy?',0,1,3),(277,'awareness','farkındalık','We need to raise awareness about environmental issues.',0,1,3),(278,'away','uzakta','The beach is only five minutes away from here.',0,1,3),(279,'awful','berbat','The weather was awful during our vacation.',0,1,3),(280,'baby','bebek','The baby is sleeping peacefully in her crib.',0,1,3),(281,'back','geri','I will call you back in ten minutes.',0,1,3),(282,'background','arka plan','She comes from a wealthy background.',0,1,3),(283,'bad','kötü','Smoking is bad for your health.',0,1,3),(284,'bag','çanta','I packed my bag for the weekend trip.',0,1,3),(285,'balance','denge','It is important to maintain a work-life balance.',0,1,3),(286,'ball','top','The children are playing with a ball in the park.',0,1,3),(287,'band','grup','My brother plays guitar in a rock band.',0,1,3),(288,'bank','banka','I need to go to the bank to deposit this check.',0,1,3),(289,'bar','bar','Let us meet at the bar after work.',0,1,3),(290,'base','temel','The company has its base in New York.',0,1,3),(291,'baseball','beyzbol','Baseball is very popular in the United States.',0,1,3),(292,'basic','temel','You need to learn the basic rules first.',0,1,3),(293,'basically','temelde','Basically, we need to start from the beginning.',0,1,3),(294,'basis','temel','We meet on a regular basis to discuss progress.',0,1,3),(295,'bath','banyo','I take a hot bath every evening to relax.',0,1,3),(296,'bathroom','banyo','The bathroom is on the second floor.',0,1,3),(297,'battery','pil','My phone battery is almost dead.',0,1,3),(298,'battle','savaş','They fought a long battle against the disease.',0,1,3),(299,'be','olmak','I want to be a doctor when I grow up.',0,1,3),(300,'beach','plaj','We spent the whole day at the beach.',0,1,3),(301,'bear','ayı, katlanmak','I cannot bear this pain anymore.',0,1,3),(302,'beat','dövmek, yenmek','Our team beat the champions in the final game.',0,1,3),(303,'beautiful','güzel','She has a beautiful singing voice.',0,1,3),(304,'beauty','güzellik','The beauty of the landscape took my breath away.',0,1,3),(305,'because','çünkü','I stayed home because I was feeling sick.',0,1,3),(306,'become','olmak','He wants to become a professional musician.',0,1,3),(307,'bed','yatak','I usually go to bed at 11 PM.',0,1,3),(308,'bedroom','yatak odası','My bedroom is painted light blue.',0,1,3),(309,'beer','bira','Would you like a beer with your dinner?',0,1,3),(310,'before','önce','Please call me before you come over.',0,1,3),(311,'begin','başlamak','The concert will begin in 15 minutes.',0,1,3),(312,'beginning','başlangıç','This is just the beginning of our journey.',0,1,3),(313,'behavior','davranış','His behavior at the meeting was inappropriate.',0,1,3),(314,'behind','arkasında','The park is behind the school building.',0,1,3),(315,'being','varlık','Human beings need oxygen to survive.',0,1,3),(316,'belief','inanç','It is my belief that everyone deserves a second chance.',0,1,3),(317,'believe','inanmak','I believe in your ability to succeed.',0,1,3),(318,'bell','zil','The bell rang to signal the end of class.',0,1,3),(319,'belong','ait olmak','This book belongs to the library.',0,1,3),(320,'below','aşağıda','The temperature is below freezing today.',0,1,3),(321,'belt','kemer','I need to buy a new belt for these pants.',0,1,3),(322,'bench','bank','They sat on a bench in the park and talked.',0,1,3),(323,'bend','eğilmek','Bend your knees when lifting heavy objects.',0,1,3),(324,'beneath','altında','The cat is sleeping beneath the table.',0,1,3),(325,'benefit','fayda','Regular exercise has many health benefits.',0,1,3),(326,'beside','yanında','She sat beside me during the ceremony.',0,1,3),(327,'besides','ayrıca','Besides English, she speaks German and Spanish.',0,1,3),(328,'best','en iyi','This is the best coffee I have ever tasted.',0,1,3),(329,'bet','bahis','I bet you cannot guess what happened next.',0,1,3),(330,'better','daha iyi','Your English is getting better every day.',0,1,3),(331,'between','arasında','The bank is between the post office and the supermarket.',0,1,3),(332,'beyond','ötesinde','The solution is beyond our current understanding.',0,1,3),(333,'bicycle','bisiklet','I ride my bicycle to work every day.',0,1,3),(334,'big','büyük','They live in a big house with a beautiful garden.',0,1,3),(335,'bill','fatura','I need to pay the electricity bill by Friday.',0,1,3),(336,'bird','kuş','I saw a beautiful bird in the garden this morning.',0,1,3),(337,'birth','doğum','The birth of their first child was a joyful event.',0,1,3),(338,'birthday','doğum günü','My birthday is on the 15th of July.',0,1,3),(339,'bit','biraz','I am a bit tired after working all day.',0,1,3),(340,'bite','ısırmak','Be careful, that dog might bite.',0,1,3),(341,'black','siyah','She was wearing a elegant black dress.',0,1,3),(342,'blame','suçlamak','Do not blame others for your mistakes.',0,1,3),(343,'blank','boş','Please write your answer on the blank line.',0,1,3),(344,'blind','kör','He has been blind since childhood.',0,1,3),(345,'block','blok','There is a new office block being built downtown.',0,1,3),(346,'blood','kan','They took a blood sample for testing.',0,1,3),(347,'blow','üflemek','Blow out the candles on your birthday cake.',0,1,3),(348,'blue','mavi','The sky is clear and blue today.',0,1,3),(349,'board','tahta','The teacher wrote on the board with chalk.',0,1,3),(350,'boat','tekne','We went fishing on a small boat in the lake.',0,1,3),(351,'body','vücut','Regular exercise is good for your body and mind.',0,1,3),(352,'bone','kemik','The dog buried a bone in the backyard.',0,1,3),(353,'book','kitap','I am reading a fascinating book about history.',0,1,3),(354,'boot','bot','I need to buy winter boots for the cold weather.',0,1,3),(355,'border','sınır','We crossed the border into Canada yesterday.',0,1,3),(356,'bore','sıkmak','His long speeches bore everyone in the audience.',0,1,3),(357,'boring','sıkıcı','The movie was so boring that I fell asleep.',0,1,3),(358,'born','doğmak','I was born in a small town in the countryside.',0,1,3),(359,'borrow','ödünç almak','Can I borrow your pen for a moment?',0,1,3),(360,'boss','patron','My boss is very supportive of my career development.',0,1,3),(361,'both','her ikisi','Both of my parents are doctors.',0,1,3),(362,'bother','rahatsız etmek','I do not want to bother you while you are working.',0,1,3),(363,'bottle','şişe','Could you bring me a bottle of water, please?',0,1,3),(364,'bottom','alt','The answer is at the bottom of the page.',0,1,3),(365,'bowl','kase','I ate a bowl of cereal for breakfast this morning.',0,1,3),(366,'box','kutu','The package arrived in a large cardboard box.',0,1,3),(367,'boy','erkek çocuk','The boy is playing with his friends in the park.',0,1,3),(368,'brain','beyin','The human brain is an incredibly complex organ.',0,1,3),(369,'branch','dal','The tree branch broke during the storm.',0,1,3),(370,'brave','cesur','The firefighter was brave to enter the burning building.',0,1,3),(371,'bread','ekmek','I bought fresh bread from the bakery this morning.',0,1,3),(372,'break','kırmak','Be careful not to break the glass.',0,1,3),(373,'breakfast','kahvaltı','I usually have breakfast around 8 AM.',0,1,3),(374,'breast','göğüs','Breast cancer awareness has saved many lives.',0,1,3),(375,'breath','nefes','Take a deep breath and try to relax.',0,1,3),(376,'breathe','nefes almak','It is difficult to breathe in this polluted air.',0,1,3),(377,'bridge','köprü','We walked across the old stone bridge.',0,1,3),(378,'brief','kısa','I will give a brief introduction before we begin.',0,1,3),(379,'bright','parlak','The sun is very bright today, you should wear sunglasses.',0,1,3),(380,'brilliant','muhteşem','She had a brilliant idea that solved our problem.',0,1,3),(381,'bring','getirmek','Please bring your ID card with you tomorrow.',0,1,3),(382,'broad','geniş','The river is very broad at this point.',0,1,3),(383,'broken','kırık','My phone screen is broken and needs to be replaced.',0,1,3),(384,'brother','erkek kardeş','My brother is two years younger than me.',0,1,3),(385,'brown','kahverengi','She has beautiful brown eyes.',0,1,3),(386,'brush','fırça','Brush your teeth at least twice a day.',0,1,3),(387,'budget','bütçe','We need to create a budget for our monthly expenses.',0,1,3),(388,'build','inşa etmek','They plan to build a new school in the neighborhood.',0,1,3),(389,'building','bina','That building is over 100 years old.',0,1,3),(390,'bullet','mermi','The bullet missed the target by just a few centimeters.',0,1,3),(391,'bunch','demet','He gave her a bunch of flowers for her birthday.',0,1,3),(395,'Appear','Görünmek','Suddenly, a cat appeared from behind the tree.',0,2,5),(396,'Insist','Israr etmek','I insist on helping you with the housework.',0,2,5),(397,'Lack','Eksiklik','We don\'t lack ideas, we lack time.',1,2,5),(398,'Matter','Önemli olmak','What matters most is your health.',0,2,5),(399,'Provide','Sağlamak','This website provides useful information for students.',1,2,5),(400,'Refuse','Reddetmek','The child refused to eat his vegetables.',0,2,5),(401,'Require','Gerektirmek','This job requires patience and good communication skills.',1,2,5),(405,'back','arka',NULL,1,2,5);
/*!40000 ALTER TABLE `kart` ENABLE KEYS */;
UNLOCK TABLES;

--
-- Table structure for table `kullanici`
--

DROP TABLE IF EXISTS `kullanici`;
/*!40101 SET @saved_cs_client     = @@character_set_client */;
/*!50503 SET character_set_client = utf8mb4 */;
CREATE TABLE `kullanici` (
  `id` int NOT NULL AUTO_INCREMENT,
  `ad` varchar(50) NOT NULL,
  `mail` varchar(100) NOT NULL,
  PRIMARY KEY (`id`),
  UNIQUE KEY `mail` (`mail`)
) ENGINE=InnoDB AUTO_INCREMENT=3 DEFAULT CHARSET=utf8mb4 COLLATE=utf8mb4_0900_ai_ci;
/*!40101 SET character_set_client = @saved_cs_client */;

--
-- Dumping data for table `kullanici`
--

LOCK TABLES `kullanici` WRITE;
/*!40000 ALTER TABLE `kullanici` DISABLE KEYS */;
INSERT INTO `kullanici` VALUES (1,'admin','n.nisabaysal@gmail.com'),(2,'Nisa','123@gmail.com');
/*!40000 ALTER TABLE `kullanici` ENABLE KEYS */;
UNLOCK TABLES;
/*!40103 SET TIME_ZONE=@OLD_TIME_ZONE */;

/*!40101 SET SQL_MODE=@OLD_SQL_MODE */;
/*!40014 SET FOREIGN_KEY_CHECKS=@OLD_FOREIGN_KEY_CHECKS */;
/*!40014 SET UNIQUE_CHECKS=@OLD_UNIQUE_CHECKS */;
/*!40101 SET CHARACTER_SET_CLIENT=@OLD_CHARACTER_SET_CLIENT */;
/*!40101 SET CHARACTER_SET_RESULTS=@OLD_CHARACTER_SET_RESULTS */;
/*!40101 SET COLLATION_CONNECTION=@OLD_COLLATION_CONNECTION */;
/*!40111 SET SQL_NOTES=@OLD_SQL_NOTES */;

-- Dump completed on 2026-03-05 18:03:47
